{"tel": {"time": [0.0, 0.211, 0.451, 0.811, 1.011, 1.211, 1.571, 1.811, 2.251, 2.651, 2.931, 3.211, 3.411, 3.571, 3.81, 4.05, 4.33, 4.49, 4.691, 5.051, 5.571, 5.731, 5.971, 6.251, 6.531, 6.851, 7.171, 7.451, 7.851, 8.171, 8.371, 8.611, 8.891, 9.051, 9.411, 9.571, 9.891, 10.131, 10.41, 10.73, 10.89, 11.09, 11.291, 11.571, 11.811, 12.171, 12.451, 12.651, 12.811, 13.251, 13.531, 13.731, 13.971, 14.171, 14.491, 14.691, 15.091, 15.251, 15.451, 15.718, 15.771, 15.878, 16.078, 16.091, 87.009], "rpm": [11173, 11173, 11173, 11173, 11173, 11173, 11173, 11173, 11173, 11173, 11173, 11173, 11173, 11173, 11173, 11173, 11173, 11173, 11173, 11173, 11173, 11173, 11173, 11173, 11173, 11173, 11173, 11173, 11173, 11173, 11173, 11173, 11173, 11173, 11173, 11173, 11173, 11173, 11173, 11173, 11173, 11173, 11173, 11173, 11173, 11173, 11173, 11173, 11173, 11173, 11173, 11173, 11173, 11173, 11173, 11173, 11173, 11173, 11173, 11173, 11173, 11173, 11173, 11173, 11173], "speed": [315, 315, 315, 315, 315, 315, 315, 315, 315, 315, 315, 315, 315, 315, 315, 315, 315, 315, 315, 315, 315, 315, 315, 315, 315, 315, 315, 315, 315, 315, 315, 315, 315, 315, 315, 315, 315, 315, 315, 315, 315, 315, 315, 315, 315, 315, 315, 315, 315, 315, 315, 315, 315, 315, 315, 315, 315, 315, 315, 315, 315, 315, 315, 315, 315], "gear": [8, 8, 8, 8, 8, 8, 8, 8, 8, 8, 8, 8, 8, 8, 8, 8, 8, 8, 8, 8, 8, 8, 8, 8, 8, 8, 8, 8, 8, 8, 8, 8, 8, 8, 8, 8, 8, 8, 8, 8, 8, 8, 8, 8, 8, 8, 8, 8, 8, 8, 8, 8, 8, 8, 8, 8, 8, 8, 8, 8, 8, 8, 8, 8, 8], "throttle": [0, 0, 0, 0, 0, 0, 0, 0, 0, 0, 0, 0, 0, 0, 0, 0, 0, 0, 0, 0, 0, 0, 0, 0, 0, 0, 0, 0, 0, 0, 0, 0, 0, 0, 0, 0, 0, 0, 0, 0, 0, 0, 0, 0, 0, 0, 0, 0, 0, 0, 0, 0, 0, 0, 0, 0, 0, 0, 0, 0, 0, 0, 0, 0, 0], "brake": [-5.600000001493299e-06, 18.4625, 39.4625, 70.9625, 88.46249999999999, 105.9625, 137.4625, 158.4625, 196.9625, 231.9625, 256.46250000000003, 280.96250000000003, 298.46250000000003, 312.46250000000003, 333.375, 354.375, 378.875, 392.875, 410.4625, 441.9625, 487.4624999999999, 501.4624999999999, 522.4625, 546.9625, 571.4624999999999, 599.4624999999999, 627.4624999999999, 651.9624999999999, 686.9624999999999, 714.9624999999999, 732.4625, 753.4625, 777.9624999999999, 791.9624999999999, 823.4624999999999, 837.4624999999999, 865.4624999999999, 886.4624999999999, 910.8749999999999, 938.8749999999999, 952.8749999999999, 970.3749999999998, 987.9624999999999, 1012.4624999999999, 1033.4624999999999, 1064.9624999999999, 1089.4624999999999, 1106.9624999999999, 1120.9624999999999, 1159.4624999999999, 1183.9624999999999, 1201.4624999999999, 1222.4624999999999, 1239.9624999999999, 1267.9624999999999, 1285.4624999999999, 1320.4624999999996, 1334.4624999999996, 1351.9624999999996, 1375.3249831999995, 1379.9624999999996, 1389.3249831999992, 1406.8249831999995, 1407.9624999999996, 7613.287488902523], "drs": [1, 1, 1, 1, 1, 1, 1, 1, 1, 1, 1, 1, 1, 1, 1, 1, 1, 1, 1, 1, 1, 1, 1, 1, 1, 1, 1, 1, 1, 1, 1, 1, 1, 1, 1, 1, 1, 1, 1, 1, 1, 1, 1, 1, 1, 1, 1, 1, 1, 1, 1, 1, 1, 1, 1, 1, 1, 1, 1, 1, 1, 1, 1, 1, 1], "distance": [-5.600000001493299e-06, 18.4625, 39.4625, 70.9625, 88.46249999999999, 105.9625, 137.4625, 158.4625, 196.9625, 231.9625, 256.46250000000003, 280.96250000000003, 298.46250000000003, 312.46250000000003, 333.375, 354.375, 378.875, 392.875, 410.4625, 441.9625, 487.4624999999999, 501.4624999999999, 522.4625, 546.9625, 571.4624999999999, 599.4624999999999, 627.4624999999999, 651.9624999999999, 686.9624999999999, 714.9624999999999, 732.4625, 753.4625, 777.9624999999999, 791.9624999999999, 823.4624999999999, 837.4624999999999, 865.4624999999999, 886.4624999999999, 910.8749999999999, 938.8749999999999, 952.8749999999999, 970.3749999999998, 987.9624999999999, 1012.4624999999999, 1033.4624999999999, 1064.9624999999999, 1089.4624999999999, 1106.9624999999999, 1120.9624999999999, 1159.4624999999999, 1183.9624999999999, 1201.4624999999999, 1222.4624999999999, 1239.9624999999999, 1267.9624999999999, 1285.4624999999999, 1320.4624999999996, 1334.4624999999996, 1351.9624999999996, 1375.3249831999995, 1379.9624999999996, 1389.3249831999992, 1406.8249831999995, 1407.9624999999996, 7613.287488902523], "rel_distance": [-6.897339573401148e-11, 0.0002273966638430683, 0.00048604689759821707, 0.0008740222482309404, 0.0010895641096935642, 0.0013051059711561882, 0.0016930813217889114, 0.0019517315555440604, 0.002425923650761833, 0.0028570073736870812, 0.003158765979734755, 0.0034605245857824286, 0.0036760664472450526, 0.0038484999364151516, 0.004106072460862987, 0.004364722694618136, 0.004666481300665809, 0.004838914789835908, 0.005055534360605845, 0.005443509711238569, 0.00600391855104139, 0.006176352040211489, 0.006435002273966639, 0.006736760880014313, 0.007038519486061985, 0.007383386464402183, 0.007728253442742381, 0.008030012048790055, 0.008461095771715303, 0.0088059627500555, 0.009021504611518127, 0.009280154845273276, 0.009581913451320947, 0.009754346940491047, 0.01014232229112377, 0.01031475578029387, 0.010659622758634068, 0.010918272992389216, 0.011218953889129578, 0.011563820867469776, 0.011736254356639875, 0.011951796218102497, 0.012168415788872436, 0.01247017439492011, 0.012728824628675257, 0.01311679997930798, 0.013418558585355655, 0.013634100446818278, 0.013806533935988378, 0.014280726031206151, 0.014582484637253824, 0.014798026498716449, 0.015056676732471597, 0.01527221859393422, 0.01561708557227442, 0.015832627433737045, 0.016263711156662287, 0.016436144645832387, 0.01665168650729501, 0.016939434685427426, 0.01699655348563521, 0.017111868174597526, 0.017327410036060153, 0.01734142046397541, 0.09377040898330152], "acc_x": [0.0, 0.0, 0.0, 0.0, 0.0, 0.0, 0.0, 0.0, 0.0, 0.0, 0.0, 0.0, 0.0, 0.0, 0.0, 0.0, 0.0, 0.0, 0.0, 0.0, 0.0, 0.0, 0.0, 0.0, 0.0, 0.0, 0.0, 0.0, 0.0, 0.0, 0.0, 0.0, 0.0, 0.0, 0.0, 0.0, 0.0, 0.0, 0.0, 0.0, 0.0, 0.0, 0.0, 0.0, 0.0, 0.0, 0.0, 0.0, 0.0, 0.0, 0.0, 0.0, 0.0, 0.0, 0.0, 0.0, 0.0, 0.0, 0.0, 0.0, 0.0, 0.0, 0.0, 0.0, 0.0], "acc_y": [0.3488507310496616, 0.3488507310496616, 0.3488507310496616, 0.3488507310496616, 1.3111308890868403, -0.466814445548154, -3.7025017230512685, -1.1837493599708746, 4.0917409646965455, 7.549251728252278, 2.145182340342612, -0.5077958011774717, -4.869417458267422, -2.0102406556904304, 6.784517306016276, 6.660263858457963, 2.952813237695, -0.8792588137456936, -4.336769577301425, 3.5307802869081812, 8.483007498618328, 5.801396360880123, 1.9799394002659554, 1.592053149188537, 1.24368276161849, -6.236206045303819, -13.345556363539641, 1.3386396241501028, 5.984509466086027, -10.998935591793746, -9.971311720050402, -3.454404440510217, 3.5519983102965877, -0.5591592220246904, -4.638128651915979, 18.379094825949537, 3.694898838259796, -3.4144514799760692, -4.6050563077045865, -13.273643372309477, -7.06424000390777, -8.768650057579144, 13.166422742726915, 25.913979237223074, -2.720204570348514, 7.88506103641272, 7.88506103641272, 23.759861851830948, 38.44405783952065, 25.71774719157876, 13.786828118449035, -2.1210450411806594, -2.1210450411806594, 10.605265606761234, 16.350709301416654, 16.350709301416654, 16.350709301416654, 16.350709301416654, 16.350709301416654, 16.458360613598906, 16.458360613598906, 16.458360613598906, 16.458360613598906, 0.10765131218225078, 0.10765131218225078], "acc_z": [0.0, 0.0, 0.0, 0.0, 0.0, 0.0, 0.0, 0.0, 0.0, 0.0, 0.0, 0.0, 0.0, 0.0, 0.0, 0.0, 0.0, 0.0, 0.0, 0.0, 0.0, 0.0, 0.0, 0.0, 0.0, 0.0, 0.0, 0.0, 0.0, 0.0, 0.0, 0.0, 0.0, 0.0, 0.0, 0.0, 0.0, 0.0, 0.0, 0.0, 0.0, 0.0, 0.0, 0.0, 0.0, 0.0, 0.0, 0.0, 0.0, 0.0, 0.0, 0.0, 0.0, 0.0, 16.350709301416654, 16.350709301416654, 16.350709301416654, 16.350709301416654, 16.350709301416654, 16.458360613598906, 16.458360613598906, 16.458360613598906, 16.458360613598906, 0.10765131218225078, 0.10765131218225078],