{"CornerNumber": [1, 2, 3, 4, 5, 6, 7, 8, 9, 10, 11, 12, 13, 14], "X": [3314.213623046875, 3856.566650390625, 740.00048828125, 746.3623046875, -724.0447387695312, -993.9166259765625, -1783.8714599609375, -1785.4404296875, -1140.2919921875, -711.50537109375, -374.8269958496094, 975.87255859375, 2586.933349609375, 2435.436279296875], "Y": [-1317.8548583984375, -2073.48876953125, -608.991943359375, -42.99305725097656, 1618.9674072265625, 3790.888671875, 4016.30078125, 10539.7060546875, 10976.314453125, 16759.564453125, 15840.400390625, 12421.1728515625, 5440.8330078125, 5153.82958984375], "Angle": [-165.7042232224879, -22.292628506519133, -158.88211146259871, 10.981968146091017, 29.69970797495177, 27.68189480956655, -117.80501466388415, 118.5937331062827, -28.30519809467008, 97.79649538436189, 9.36772122115067, -161.17004277640703, -21.168127295710576, 157.077799192522], "Distance": [226.3183404337686, 322.50340020500727, 691.1004287423106, 746.386841232518, 983.5550197156946, 1195.7897416619592, 1289.1239674543997, 1968.5024843936403, 2048.4735749980728, 2646.6045966335296, 2754.7588850406955, 3130.4020316763454, 3840.5298501055804, 3872.297545152681]}