{"tel": {"time": [0.0, 0.044, 0.324, 0.524, 0.684, 0.923, 1.163, 1.443, 1.603, 1.804, 2.164, 2.684, 2.844, 3.084, 3.364, 3.644, 3.964, 4.284, 4.564, 4.964, 5.284, 5.484, 5.724, 6.004, 6.164, 6.524, 6.684, 7.004, 7.244, 7.523, 7.843, 8.003, 8.203, 8.404, 8.684, 8.924, 9.284, 9.564, 9.764, 9.924, 10.364, 10.644, 10.844, 11.084, 11.284, 11.604, 11.804, 12.204, 12.364, 12.564, 12.831, 12.884, 12.991, 13.191, 13.204, 807.246], "rpm": [9334.0, 9334.0, 9334.0, 9334.0, 9334.0, 9334.0, 9334.0, 9334.0, 9334.0, 9334.0, 9334.0, 9334.0, 9334.0, 9334.0, 9334.0, 9334.0, 9334.0, 9334.0, 9334.0, 9334.0, 9334.0, 9334.0, 9334.0, 9334.0, 9334.0, 9334.0, 9334.0, 9334.0, 9334.0, 9334.0, 9334.0, 9334.0, 9334.0, 9334.0, 9334.0, 9334.0, 9334.0, 9334.0, 9334.0, 9334.0, 9334.0, 9334.0, 9334.0, 9334.0, 9334.0, 9334.0, 9334.0, 9334.0, 9334.0, 9334.0, 9334.0, 9334.0, 9334.0, 9334.0, 9334.0, 9334.0], "speed": [124.0, 124.0, 124.0, 124.0, 124.0, 124.0, 124.0, 124.0, 124.0, 124.0, 124.0, 124.0, 124.0, 124.0, 124.0, 124.0, 124.0, 124.0, 124.0, 124.0, 124.0, 124.0, 124.0, 124.0, 124.0, 124.0, 124.0, 124.0, 124.0, 124.0, 124.0, 124.0, 124.0, 124.0, 124.0, 124.0, 124.0, 124.0, 124.0, 124.0, 124.0, 124.0, 124.0, 124.0, 124.0, 124.0, 124.0, 124.0, 124.0, 124.0, 124.0, 124.0, 124.0, 124.0, 124.0, 124.0], "gear": [3, 3, 3, 3, 3, 3, 3, 3, 3, 3, 3, 3, 3, 3, 3, 3, 3, 3, 3, 3, 3, 3, 3, 3, 3, 3, 3, 3, 3, 3, 3, 3, 3, 3, 3, 3, 3, 3, 3, 3, 3, 3, 3, 3, 3, 3, 3, 3, 3, 3, 3, 3, 3, 3, 3, 3], "throttle": [104.0, 104.0, 104.0, 104.0, 104.0, 104.0, 104.0, 104.0, 104.0, 104.0, 104.0, 104.0, 104.0, 104.0, 104.0, 104.0, 104.0, 104.0, 104.0, 104.0, 104.0, 104.0, 104.0, 104.0, 104.0, 104.0, 104.0, 104.0, 104.0, 104.0, 104.0, 104.0, 104.0, 104.0, 104.0, 104.0, 104.0, 104.0, 104.0, 104.0, 104.0, 104.0, 104.0, 104.0, 104.0, 104.0, 104.0, 104.0, 104.0, 104.0, 104.0, 104.0, 104.0, 104.0, 104.0, 104.0], "brake": [1, 1, 1, 1, 1, 1, 1, 1, 1, 1, 1, 1, 1, 1, 1, 1, 1, 1, 1, 1, 1, 1, 1, 1, 1, 1, 1, 1, 1, 1, 1, 1, 1, 1, 1, 1, 1, 1, 1, 1, 1, 1, 1, 1, 1, 1, 1, 1, 1, 1, 1, 1, 1, 1, 1, 1], "drs": [0, 0, 0, 0, 0, 0, 0, 0, 0, 0, 0, 0, 0, 0, 0, 0, 0, 0, 0, 0, 0, 0, 0, 0, 0, 0, 0, 0, 0, 0, 0, 0, 0, 0, 0, 0, 0, 0, 0, 0, 0, 0, 0, 0, 0, 0, 0, 0, 0, 0, 0, 0, 0, 0, 0, 0], "distance": [-1.229613300068877e-09, 1.5155555555555544, 11.16, 18.04888888888889, 23.560000000000002, 31.79222222222222, 40.05888888888889, 49.70333333333333, 55.21444444444444, 62.13777777777777, 74.53777777777778, 92.44888888888889, 97.96, 106.22666666666666, 115.87111111111109, 125.51555555555555, 136.53777777777776, 147.55999999999997, 157.20444444444442, 170.98222222222222, 182.00444444444443, 188.89333333333332, 197.16, 206.8044444444444, 212.31555555555553, 224.71555555555554, 230.22666666666666, 241.24888888888887, 249.51555555555555, 259.12555555555554, 270.1477777777778, 275.6588888888889, 282.54777777777775, 289.4711111111111, 299.11555555555555, 307.3822222222222, 319.78222222222223, 329.4266666666667, 336.31555555555553, 341.82666666666665, 356.9822222222223, 366.6266666666667, 373.5155555555556, 381.78222222222223, 388.67111111111114, 399.6933333333333, 406.58222222222224, 420.36, 425.87111111111113, 432.76, 441.95666005333334, 443.78222222222223, 447.46777116444446, 454.35666005333337, 454.80444444444447, 27805.140000606865], "rel_distance": [-3.8592637115544837e-14, 4.756720759951002e-05, 0.00035026761959639223, 0.0005664821995941652, 0.0007394538635923836, 0.0009978302866897222, 0.0012572877826870499, 0.001559988194683932, 0.0017329598586821502, 0.001950255511579912, 0.0023394417555759038, 0.0029015996635701133, 0.0030745713275683317, 0.003334028823565659, 0.003636729235562541, 0.003939429647559423, 0.00428537297555586, 0.004631316303552296, 0.004934016715549178, 0.005366445875544725, 0.005712389203541161, 0.005928603783538934, 0.006188061279536263, 0.0064907616915331435, 0.006663733355531363, 0.007052919599527354, 0.007225891263525573, 0.007571834591522009, 0.007831292087519337, 0.00813291142661623, 0.008478854754612667, 0.008651826418610887, 0.008868040998608658, 0.00908533665150642, 0.009388037063503302, 0.00964749455950063, 0.010036680803496623, 0.010339381215493505, 0.010555595795491276, 0.010728567459489495, 0.011204239535484597, 0.01150693994748148, 0.011723154527479253, 0.011982612023476578, 0.012198826603474353, 0.012544769931470788, 0.012760984511468561, 0.013193413671464108, 0.013366385335462326, 0.013582599915460099, 0.013871246172191131, 0.013928543243456536, 0.014044217836189346, 0.014260432416187121, 0.014274486571452973, 0.872691774243448], "acc_x": [0.0, 0.0, 0.0, 0.0, 0.0, 0.0, 0.0, 0.0, 0.0, 0.0, 0.0, 0.0, 0.0, 0.0, 0.0, 0.0, 0.0, 0.0, 0.0, 0.0, 0.0, 0.0, 0.0, 0.0, 0.0, 0.0, 0.0, 0.0, 0.0, 0.0, 0.0, 0.0, 0.0, 0.0, 0.0, 0.0, 0.0, 0.0, 0.0, 0.0, 0.0, 0.0, 0.0, 0.0, 0.0, 0.0, 0.0, 0.0, 0.0, 0.0, 0.0, 0.0, 0.0, 0.0, 0.0, 0.0], "acc_y": [-1.8122385150876032e-09, -2.3708858738620296e-09, -2.9052507030125425e-09, -3.5410571327775844e-09, -4.452315630221103e-09, -5.216884140557458e-09, -5.542150840650652e-09, -5.909766297084909e-09, -6.4705453025740995e-09, -6.681430605903736e-09, -7.048367075208286e-09, -7.495488062642841e-09, -7.841347473271128e-09, -8.170350654949362e-09, -8.580273667197801e-09, -9.159163395299469e-09, -9.993225406168989e-09, -1.0572843462176916e-08, -1.1153812782644227e-08, -1.2297612257184985e-08, -1.302090167178282e-08, -1.4018153591058802e-08, -1.5227094859350803e-08, -1.6204797502063592e-08, -1.8043819579324414e-08, -1.8873453572646995e-08, -2.0262896585119902e-08, -2.313285778655137e-08, -2.51046722122085e-08, -2.742203823905139e-08, -3.042843157963899e-08, -3.320333274719358e-08, -3.6396364764171923e-08, -4.103664285076157e-08, -5.176543150835428e-08, -5.7712007215598955e-08, -6.313464337264139e-08, -7.818079794337945e-08, -9.504553862482265e-08, -1.1909597880687939e-07, -1.452035947260485e-07, -1.9881393090042253e-07, -2.6052104428038917e-07, -3.912137036759583e-07, -8.901016043517399e-07, -1.6130489783329594e-06, -2.6631240126544043e-06, -4.780523105115975e-06, -5.8659235584267065e-06, 2.3748005606207525, 2.375437663614208, 2.3754377307173917, 2.375437874541476, 2.375438382568513, 2.375439115189623, 2.3754401843520094], "acc_z": [1.55392351899249e-10, 2.0378603180426026e-10, 2.458441420689737e-10, 3.013315092934984e-10, 3.8182819910212983e-10, 4.4665775082168254e-10, 4.736365495406566e-10, 4.99883816515921e-10, 5.468398843264064e-10, 5.69437390981491e-10, 5.990272586773797e-10, 6.390222424972821e-10, 6.675528103624798e-10, 6.909488720207403e-10, 7.27199708196713e-10, 7.770930354840936e-10, 8.476666650280381e-10, 8.954021575858882e-10, 9.376040786099775e-10, 1.0390187407811505e-09, 1.104195180033827e-09, 1.1863930669453482e-09, 1.2922214207317616e-09, 1.3731056788747482e-09, 1.5273275060002635e-09, 1.604333784638796e-09, 1.727934625064982e-09, 1.9702772202837237e-09, 2.1269203777949945e-09, 2.318522113830924e-09, 2.5794307840284132e-09, 2.8130858826795653e-09, 3.0845334055944935e-09, 3.4912883027083474e-09, 4.3896781005015195e-09, 4.8811588627209494e-09, 5.352058286369688e-09, 6.633949918504728e-09, 8.059207483019965e-09, 1.01039341486858e-08, 1.2298508119848217e-08, 1.6831580416211135e-08, 2.208130876577222e-08, 3.3144461370553145e-08, 7.551407867867918e-08, 1.3693276113828197e-07, 2.2615678301294516e-07, 4.0607330736300694e-07, 4.982901252741023e-07, -0.30513813133566287, -0.3052199900443898, -0.30521999552159124, -0.3052200076896317, -0.3052200508232291, -0.3052201130707742, -0.3052202039127291],