{"tel": {"time": [0.0, 0.044, 0.324, 0.524, 0.684, 0.923, 1.163, 1.443, 1.603, 1.804, 2.164, 2.684, 2.844, 3.084, 3.364, 3.644, 3.964, 4.284, 4.564, 4.964, 5.284, 5.484, 5.724, 6.004, 6.164, 6.524, 6.684, 7.004, 7.244, 7.523, 7.843, 8.003, 8.203, 8.404, 8.684, 8.924, 9.284, 9.564, 9.764, 9.924, 10.364, 10.644, 10.844, 11.084, 11.284, 11.604, 11.804, 12.204, 12.364, 12.564, 12.831, 12.884, 12.991, 13.191, 13.204, 807.246], "rpm": [9334, 9334, 9334, 9334, 9334, 9334, 9334, 9334, 9334, 9334, 9334, 9334, 9334, 9334, 9334, 9334, 9334, 9334, 9334, 9334, 9334, 9334, 9334, 9334, 9334, 9334, 9334, 9334, 9334, 9334, 9334, 9334, 9334, 9334, 9334, 9334, 9334, 9334, 9334, 9334, 9334, 9334, 9334, 9334, 9334, 9334, 9334, 9334, 9334, 9334, 9334, 9334, 9334, 9334, 9334, 9334], "speed": [124, 124, 124, 124, 124, 124, 124, 124, 124, 124, 124, 124, 124, 124, 124, 124, 124, 124, 124, 124, 124, 124, 124, 124, 124, 124, 124, 124, 124, 124, 124, 124, 124, 124, 124, 124, 124, 124, 124, 124, 124, 124, 124, 124, 124, 124, 124, 124, 124, 124, 124, 124, 124, 124, 124, 124], "gear": [3, 3, 3, 3, 3, 3, 3, 3, 3, 3, 3, 3, 3, 3, 3, 3, 3, 3, 3, 3, 3, 3, 3, 3, 3, 3, 3, 3, 3, 3, 3, 3, 3, 3, 3, 3, 3, 3, 3, 3, 3, 3, 3, 3, 3, 3, 3, 3, 3, 3, 3, 3, 3, 3, 3, 3], "throttle": [104, 104, 104, 104, 104, 104, 104, 104, 104, 104, 104, 104, 104, 104, 104, 104, 104, 104, 104, 104, 104, 104, 104, 104, 104, 104, 104, 104, 104, 104, 104, 104, 104, 104, 104, 104, 104, 104, 104, 104, 104, 104, 104, 104, 104, 104, 104, 104, 104, 104, 104, 104, 104, 104, 104, 104], "brake": [1, 1, 1, 1, 1, 1, 1, 1, 1, 1, 1, 1, 1, 1, 1, 1, 1, 1, 1, 1, 1, 1, 1, 1, 1, 1, 1, 1, 1, 1, 1, 1, 1, 1, 1, 1, 1, 1, 1, 1, 1, 1, 1, 1, 1, 1, 1, 1, 1, 1, 1, 1, 1, 1, 1, 1], "drs": [0, 0, 0, 0, 0, 0, 0, 0, 0, 0, 0, 0, 0, 0, 0, 0, 0, 0, 0, 0, 0, 0, 0, 0, 0, 0, 0, 0, 0, 0, 0, 0, 0, 0, 0, 0, 0, 0, 0, 0, 0, 0, 0, 0, 0, 0, 0, 0, 0, 0, 0, 0, 0, 0, 0, 0], "distance": [-1.229613300068877e-09, 1.5155555555555544, 11.16, 18.04888888888889, 23.560000000000002, 31.79222222222222, 40.05888888888889, 49.70333333333333, 55.21444444444444, 62.13777777777777, 74.53777777777778, 92.44888888888889, 97.96, 106.22666666666666, 115.87111111111109, 125.51555555555555, 136.53777777777776, 147.55999999999997, 157.20444444444442, 170.98222222222222, 182.00444444444443, 188.89333333333332, 197.16, 206.8044444444444, 212.31555555555553, 224.71555555555554, 230.22666666666666, 241.24888888888887, 249.51555555555555, 259.12555555555554, 270.1477777777778, 275.6588888888889, 282.54777777777775, 289.4711111111111, 299.11555555555555, 307.3822222222222, 319.78222222222223, 329.4266666666667, 336.31555555555553, 341.82666666666665, 356.9822222222223, 366.6266666666667, 373.5155555555556, 381.78222222222223, 388.67111111111114, 399.6933333333333, 406.58222222222224, 420.36, 425.87111111111113, 432.76, 441.95666005333334, 443.78222222222223, 447.46777116444446, 454.35666005333337, 454.80444444444447, 27805.140000606865], "rel_distance": [-3.8592637115544837e-14, 4.756720759951002e-05, 0.00035026761959639223, 0.0005664821995941652, 0.0007394538635923836, 0.0009978302866897222, 0.0012572877826870499, 0.001559988194683932, 0.0017329598586821502, 0.001950255511579912, 0.0023394417555759038, 0.0029015996635701133, 0.0030745713275683317, 0.003334028823565659, 0.003636729235562541, 0.003939429647559423, 0.00428537297555586, 0.004631316303552296, 0.004934016715549178, 0.005366445875544725, 0.005712389203541161, 0.005928603783538934, 0.006188061279536263, 0.0064907616915331435, 0.006663733355531363, 0.007052919599527354, 0.007225891263525573, 0.007571834591522009, 0.007831292087519337, 0.00813291142661623, 0.008478854754612667, 0.008651826418610887, 0.008868040998608658, 0.00908533665150642, 0.009388037063503302, 0.00964749455950063, 0.010036680803496623, 0.010339381215493505, 0.010555595795491276, 0.010728567459489495, 0.011204239535484597, 0.01150693994748148, 0.011723154527479253, 0.011982612023476578, 0.012198826603474353, 0.012544769931470788, 0.012760984511468561, 0.013193413671464108, 0.013366385335462326, 0.013582599915460099, 0.013871246172191131, 0.013928543243456536, 0.014044217836189346, 0.014260432416187121, 0.014274486571452973, 0.872691774243448], "acc_x": [0.0, 0.0, 0.0, 0.0, 0.0, 0.0, 0.0, 0.0, 0.0, 0.0, 0.0, 0.0, 0.0, 0.0, 0.0, 0.0, 0.0, 0.0, 0.0, 0.0, 0.0, 0.0, 0.0, 0.0, 0.0, 0.0, 0.0, 0.0, 0.0, 0.0, 0.0, 0.0, 0.0, 0.0, 0.0, 0.0, 0.0, 0.0, 0.0, 0.0, 0.0, 0.0, 0.0, 0.0, 0.0, 0.0, 0.0, 0.0, 0.0, 0.0, 0.0, 0.0, 0.0, 0.0, 0.0, 0.0], "acc_y": [-15.882770326572947, -9.607596242263048, -9.607596242263046, -16.438971598691836, -24.765277628016083, -19.4073209218436, -15.991610706249244, -20.411932995207536, -19.577001686763438, -6.2632593765879205, -7.170909074096948, -12.180601964663213, -10.045816533792198, 3.2901823860983166, 2.352547968884119, -1.0631622467102364, 3.357160042248058, 4.040287661522277, -7.520524873977069, -19.719424617206744, -8.929325458890816, 1.5476707344166272, 2.800078806960541, -1.6202434819977478, -1.6202434819977478, -1.6202434819977478, 5.211131874431037, 10.99153814218071, 17.82291349860951, 12.042507230859844, 6.262100963110181, 0.0, 0.0, 0.0, 0.0, 0.0, 0.0, 0.0, 0.0, 0.0, 0.0, 0.0, 0.0, 0.0, 0.0, 0.0, 0.0, 0.0, 0.0, 0.0, -1.2284852270271141e-05, -1.2305691965557748e-05, -1.2305691965557748e-05, -1.2305691965557748e-05, -1.2305691965557748e-05, -1.2305691965557748e-05], "acc_z": [0.0, 0.0, 0.0, 0.0, 0.0, 0.0, 0.0, 0.0, 0.0, 0.0, 0.0, 0.0, 0.0, 0.0, 0.0, 0.0, 0.0, 0.0, 0.0, 0.0, 0.0, 0.0, 0.0, 0.0, 0.0, 0.0, 0.0, 0.0, 0.0, 0.0, 0.0, 0.0, 0.0, 0.0, 0.0, 0.0, 0.0, 0.0, 0.0, 0.0, 0.0, 0.0, 0.0, 0.0, 0.0, 0.0, 0.0, 0.0, 0.0, 0.0, 0.0, 0.0, 0.0, 0.0, 0.0, 0.0], "x": [1833, 1833, 1833, 1833, 1832, 1832, 1832, 1832, 1832, 1831, 1831, 1831, 1831, 1830, 1830, 1830, 1830, 1829, 1829, 1829, 1829, 1829, 1829, 1828, 1828, 1828, 1828, 1828, 1828, 1828, 1828, 1827, 1827, 1827, 1827, 1827, 1827, 1827, 1827, 1827, 1827, 1827, 1827, 1827, 1827, 1827, 1827, 1827, 1827, 1827, 1827, 1826, 1827, 1827, 1826, 1236], "y": [4932, 4932, 4931, 4931, 4931, 4930, 4929, 4929, 4928, 4928, 4927, 4926, 4926, 4925, 4925, 4924, 4924, 4923, 4923, 4922, 4921, 4921, 4921, 4920, 4920, 4920, 4919, 4919, 4919, 4918, 4918, 4918, 4918, 4918, 4917, 4917, 4917, 4917, 4916, 4916, 4916, 4916, 4916, 4916, 4916, 4916, 4916, 4916, 4916, 4916, 4916, 4915, 4916, 4916, 4915, 4328], "z": [534, 535, 535, 535, 535, 535, 535, 535, 535, 535, 535, 535, 535, 535, 535, 535, 535, 535, 535, 535, 535, 535, 535, 535, 535, 535, 535, 535, 535, 535, 535, 535, 535, 535, 535, 535, 535, 535, 535, 535, 535, 535, 535, 535, 535, 535, 535, 535, 535, 535, 535, 534, 535, 535, 534, -56], "dataKey": "2022-Dutch Grand Prix-Practice 2-ZHO-8"}}