{"CornerNumber": [1, 2, 3, 4, 5, 6, 7, 8, 9, 10, 11, 12, 13, 14, 15, 16, 17, 18, 19], "X": [5000.369793483242, 4462.642212325851, 4309.500670688195, -676.0693652512309, -1907.3326955178982, -3137.5593907383045, -4269.134881984064, -4102.85861495594, 1099.937315405985, 3806.3527998616332, 9665.021110379748, 9121.664811212708, 10178.349780215427, 10550.674337648416, 10423.83331142524, 10488.330955116391, -2590.1974394339068, -1584.2044787404711, 428.83100056233343], "Y": [-1839.8522404781493, -2689.7583956578064, -3575.67295168473, -2600.6091257160274, -3176.9562439254723, -2430.703374495633, -3061.383489615324, -3929.779531894037, -4144.409317682837, -4793.668301112775, -2550.919180644675, -1632.476629886879, -1114.2869760280732, -506.2839966977317, -365.12324260597416, 520.3380238835039, 924.3686299701099, 167.169604298188, 623.5196314303143], "Angle": [13.105267748793366, -204.28272131554675, -26.05420127632257, 98.59121328981095, -88.84133007407493, 76.7596891131636, -206.14602841635806, -103.47547732876453, -103.85433294911317, -89.35439995404974, -14.93577695515648, -190.68247210100918, -65.47564941450844, 12.80443445178615, -150.4254968779324, 26.564442806433156, -197.70238483941122, -93.53368255106844, -94.33128150175669], "Distance": [364.4770293693779, 473.6260206791137, 558.2208411267592, 1123.3213614810018, 1258.218868932514, 1405.7519889299115, 1535.684903952209, 1643.8530058298095, 2166.2322487278498, 2433.3318184954874, 3082.1435415142328, 3191.746568165093, 3328.2792769148027, 3396.806605021488, 3417.8999451605614, 3507.8047675833736, 4828.827597449827, 4961.7532039455955, 5188.604713147679]}