{"CornerNumber": [1, 2, 3, 4, 5, 6, 7, 8, 9, 10, 11], "X": [-569.5805053710938, -146.75457763671875, 611.6001586914062, 6808.6552734375, 7130.8720703125, 10554.8564453125, 10972.642578125, 2562.920166015625, 2478.04150390625, 1890.1082763671875, -55.33073425292969], "Y": [8153.724609375, 8474.9814453125, 13310.6201171875, 14630.75390625, 15023.123046875, 15713.8046875, 12648.357421875, 6171.0234375, 5270.56201171875, 4451.185546875, -5800.1669921875], "Angle": [153.78733177568182, -13.83584308210785, 133.0285175221899, -54.042256120811224, 121.75285797812727, 54.6416550196045, -29.053283096610013, 163.07286056163184, -21.066696185852937, 152.54444074214535, -95.85285360901966], "Distance": [875.7969063868342, 936.34746680128, 1462.8630334055206, 2096.2281632420486, 2146.510590572904, 2515.521747937447, 2828.0240381434946, 3894.9300979372697, 3986.660545766985, 4086.784251552834, 5177.4153513088995], "Rotation": 95.0}