{"tel": {"time": [0.0, 0.226, 0.466, 0.826, 1.026, 1.226, 1.586, 1.826, 2.266, 2.666, 2.946, 3.226, 3.426, 3.586, 3.825, 4.065, 4.345, 4.505, 4.706, 5.066, 5.586, 5.746, 5.986, 6.266, 6.546, 6.866, 7.186, 7.466, 7.866, 8.186, 8.386, 8.626, 8.906, 9.066, 9.426, 9.586, 9.906, 10.146, 10.425, 10.745, 10.905, 11.105, 11.306, 11.586, 11.826, 12.186, 12.466, 12.666, 12.826, 13.266, 13.546, 13.746, 13.986, 14.186, 14.506, 14.706, 15.106, 15.266, 15.466, 15.733, 15.786, 15.893, 16.093, 16.106, 755.151], "rpm": [11438, 11438, 11438, 11438, 11438, 11438, 11438, 11438, 11438, 11438, 11438, 11438, 11438, 11438, 11438, 11438, 11438, 11438, 11438, 11438, 11438, 11438, 11438, 11438, 11438, 11438, 11438, 11438, 11438, 11438, 11438, 11438, 11438, 11438, 11438, 11438, 11438, 11438, 11438, 11438, 11438, 11438, 11438, 11438, 11438, 11438, 11438, 11438, 11438, 11438, 11438, 11438, 11438, 11438, 11438, 11438, 11438, 11438, 11438, 11438, 11438, 11438, 11438, 11438, 11438], "speed": [195, 195, 195, 195, 195, 195, 195, 195, 195, 195, 195, 195, 195, 195, 195, 195, 195, 195, 195, 195, 195, 195, 195, 195, 195, 195, 195, 195, 195, 195, 195, 195, 195, 195, 195, 195, 195, 195, 195, 195, 195, 195, 195, 195, 195, 195, 195, 195, 195, 195, 195, 195, 195, 195, 195, 195, 195, 195, 195, 195, 195, 195, 195, 195, 195], "gear": [4, 4, 4, 4, 4, 4, 4, 4, 4, 4, 4, 4, 4, 4, 4, 4, 4, 4, 4, 4, 4, 4, 4, 4, 4, 4, 4, 4, 4, 4, 4, 4, 4, 4, 4, 4, 4, 4, 4, 4, 4, 4, 4, 4, 4, 4, 4, 4, 4, 4, 4, 4, 4, 4, 4, 4, 4, 4, 4, 4, 4, 4, 4, 4, 4], "throttle": [0, 0, 0, 0, 0, 0, 0, 0, 0, 0, 0, 0, 0, 0, 0, 0, 0, 0, 0, 0, 0, 0, 0, 0, 0, 0, 0, 0, 0, 0, 0, 0, 0, 0, 0, 0, 0, 0, 0, 0, 0, 0, 0, 0, 0, 0, 0, 0, 0, 0, 0, 0, 0, 0, 0, 0, 0, 0, 0, 0, 0, 0, 0, 0, 0], "brake": [-6.9333333332366465e-06, 12.241666666666665, 25.241666666666667, 44.74166666666666, 55.574999999999996, 66.40833333333333, 85.90833333333333, 98.90833333333333, 122.74166666666666, 144.40833333333333, 159.57500000000002, 174.74166666666667, 185.57500000000002, 194.24166666666667, 207.18750000000003, 220.18750000000003, 235.35416666666666, 244.02083333333334, 254.90833333333336, 274.4083333333333, 302.575, 311.2416666666667, 324.2416666666666, 339.4083333333333, 354.575, 371.9083333333333, 389.2416666666667, 404.40833333333336, 426.075, 443.40833333333336, 454.2416666666667, 467.2416666666667, 482.4083333333334, 491.0750000000001, 510.57500000000005, 519.2416666666667, 536.575, 549.575, 564.6875, 582.0208333333333, 590.6874999999999, 601.5208333333333, 612.4083333333332, 627.5749999999999, 640.5749999999999, 660.0749999999999, 675.2416666666666, 686.0749999999999, 694.7416666666666, 718.5749999999998, 733.7416666666664, 744.5749999999998, 757.5749999999998, 768.4083333333331, 785.7416666666664, 796.5749999999997, 818.2416666666663, 826.908333333333, 837.7416666666662, 852.2041562666661, 855.0749999999996, 860.8708229333329, 871.7041562666662, 872.4083333333331, 40904.012503367245], "drs": [0, 0, 0, 0, 0, 0, 0, 0, 0, 0, 0, 0, 0, 0, 0, 0, 0, 0, 0, 0, 0, 0, 0, 0, 0, 0, 0, 0, 0, 0, 0, 0, 0, 0, 0, 0, 0, 0, 0, 0, 0, 0, 0, 0, 0, 0, 0, 0, 0, 0, 0, 0, 0, 0, 0, 0, 0, 0, 0, 0, 0, 0, 0, 0, 0], "distance": [-6.9333333332366465e-06, 12.241666666666665, 25.241666666666667, 44.74166666666666, 55.574999999999996, 66.40833333333333, 85.90833333333333, 98.90833333333333, 122.74166666666666, 144.40833333333333, 159.57500000000002, 174.74166666666667, 185.57500000000002, 194.24166666666667, 207.18750000000003, 220.18750000000003, 235.35416666666666, 244.02083333333334, 254.90833333333336, 274.4083333333333, 302.575, 311.2416666666667, 324.2416666666666, 339.4083333333333, 354.575, 371.9083333333333, 389.2416666666667, 404.40833333333336, 426.075, 443.40833333333336, 454.2416666666667, 467.2416666666667, 482.4083333333334, 491.0750000000001, 510.57500000000005, 519.2416666666667, 536.575, 549.575, 564.6875, 582.0208333333333, 590.6874999999999, 601.5208333333333, 612.4083333333332, 627.5749999999999, 640.5749999999999, 660.0749999999999, 675.2416666666666, 686.0749999999999, 694.7416666666666, 718.5749999999998, 733.7416666666664, 744.5749999999998, 757.5749999999998, 768.4083333333331, 785.7416666666664, 796.5749999999997, 818.2416666666663, 826.908333333333, 837.7416666666662, 852.2041562666661, 855.0749999999996, 860.8708229333329, 871.7041562666662, 872.4083333333331, 40904.012503367245], "rel_distance": [-1.3794456139967944e-10, 0.00024355836617599355, 0.00050220441875227, 0.0008901734976166844, 0.0011057118747635813, 0.0013212502519104783, 0.0017092193307748928, 0.0019678653833511695, 0.0024420498130743426, 0.0028731265673681366, 0.003174880295373793, 0.0034766340233794483, 0.0036921724005263452, 0.0038646031022438626, 0.004122171462934405, 0.004380817515510681, 0.004682571243516336, 0.004855001945233854, 0.005071618014266486, 0.0054595870931309, 0.006019986873712832, 0.00619241757543035, 0.006451063628006625, 0.006752817356012282, 0.0070545710840179375, 0.007399432487452972, 0.0077442938908880085, 0.008046047618893664, 0.008477124373187457, 0.008821985776622493, 0.00903752415376939, 0.009296170206345666, 0.009597923934351323, 0.009770354636068842, 0.010158323714933255, 0.010330754416650772, 0.010675615820085808, 0.010934261872662084, 0.011234937908782005, 0.011579799312217039, 0.011752230013934556, 0.011967768391081452, 0.012184384460114083, 0.01248613818811974, 0.012744784240696016, 0.01313275331956043, 0.013434507047566087, 0.013650045424712983, 0.0138224761264305, 0.014296660556153673, 0.014598414284159327, 0.014813952661306225, 0.015072598713882501, 0.015288137091029396, 0.015632998494464433, 0.015848536871611328, 0.01627961362590512, 0.016452044327622636, 0.016667582704769535, 0.0169553262313438, 0.01701244410820457, 0.017127756933061317, 0.01734329531020822, 0.01735730551163961, 0.8138201052712515], "acc_x": [0.0, 0.0, 0.0, 0.0, 0.0, 0.0, 0.0, 0.0, 0.0, 0.0, 0.0, 0.0, 0.0, 0.0, 0.0, 0.0, 0.0, 0.0, 0.0, 0.0, 0.0, 0.0, 0.0, 0.0, 0.0, 0.0, 0.0, 0.0, 0.0, 0.0, 0.0, 0.0, 0.0, 0.0, 0.0, 0.0, 0.0, 0.0, 0.0, 0.0, 0.0, 0.0, 0.0, 0.0, 0.0, 0.0, 0.0, 0.0, 0.0, 0.0, 0.0, 0.0, 0.0, 0.0, 0.0, 0.0, 0.0, 0.0, 0.0, 0.0, 0.0, 0.0, 0.0, 0.0, 0.0], "acc_y": [13.954946825314487, 13.954946825314487, 10.727530569704612, 11.983420884005975, 11.983420884005975, 11.983420884005975, 1.012380873710942, 0.395887405350988, 15.05113115927949, 3.2164229288384973, -6.6518379358013195, 1.9418319870748952, 11.428881955902929, 3.699122453997906, -1.2749476975898064, 6.878981950623486, 2.8447178376331177, -22.102742418304686, -9.742890008382327, 8.566267685596198, -1.450743563020465, -19.579474658971332, -7.198957575715994, 0.6228348630965495, -6.423777716743256, -1.0575240494769274, 17.101628310243925, 11.735374642977586, 3.294477813638877, -1.1449565800727797, -2.849357742313309, 2.347586822318849, 7.940761364432721, 11.816396657210754, 6.450142989944425, 0.10821502519719317, 0.10821502519719317, 0.10821502519719317, 9.198407000259175, 27.378790950383106, 25.409262641360822, 24.354156624843597, 34.20185877082607, 47.33209463179024, 55.210268468750456, 61.77542006633135, 71.62312221231382, 71.62312221231382, 62.53293023725188, 54.654756400291696, 47.26896558747023, 37.421263441487746, 24.291027580523576, 16.41285374356336, 9.847702145982472, 0.0, 0.0, 0.0, 0.0, 6.397091806331685e-06, 6.4021131577636996e-06, 6.4021131577636996e-06, 6.4021131577636996e-06, 6.4021131577636996e-06, 6.4021131577636996e-06], "acc_z": [0.0, 0.0, 0.0, 0.0, 0.0, 0.0, 0.0, 0.0, 0.0, 0.0, 0.0, 0.0, 0.0, 0.0, 0.0, 0.0, 0.0, 0.0, 0.0, 0.0, 0.0, 0.0, 0.0, 0.0, 0.0, 0.0, 0.0, 0.0, 0.0, 0.0, 0.0, 0.0, 0.0, 0.0, 0.0, 0.0, 0.0, 0.0, 0.0, 0.0, 0.0, 0.0, 0.0, 0.0, 0.0, 0.0, 0.0, 0.0, 0.0, 0.0, 0.0, 0.0, 0.0, 0.0, 0.0, 0.0, 0.0, 0.0, 0.0, -0.0007278972208309204, -0.0007284659904076839, -0.0007284659904076839, -0.0007284659904076839, -0.0007284659904076839, -0.0007284659904076839],