{"CornerNumber": [1, 2, 3, 4, 5, 6, 7, 8, 9, 10, 11, 12, 13, 14, 15, 16, 17, 18, 19, 20, 21, 22, 23, 24, 25, 26, 27], "X": [-2908.523056214108, -3463.1717202600994, -3333.3247695142136, -3726.8753781951586, -4503.338061486339, -4285.277170059697, -4405.375789032021, -4926.6524289887675, -4851.685765788991, -4049.885091566999, -3793.6155931845055, -3573.7348764062713, -4317.586218963094, -4128.693808130403, -4524.771575373783, -4900.2146767086415, -5687.898927810389, -5575.506518373531, -4995.647738092284, -4663.182729865367, -3883.815484557315, -3912.876567276061, -3409.812556762191, -3104.1254266500055, -4073.934794761703, -3097.992407379881, -126.0020350712939], "Y": [4757.490498091253, 4834.551790013647, 6205.801601139092, 9192.730296885, 9863.121848255349, 11311.588157372298, 12447.507360095766, 12948.264921924423, 14451.23927618633, 15075.214007695733, 16049.942225670482, 16904.96513044109, 21791.136106267713, 18964.562668757066, 16996.49388114333, 15776.132943023345, 15233.132054777167, 13034.768132909623, 11155.10295548154, 9118.43162273858, 7285.573383855088, 4866.397794696875, 4155.133314899098, 2806.184304442164, 93.77447360417227, -3343.273850025347, -5554.263009208047], "Angle": [69.13662878898232, 40.81141650006943, -3.557132416786196, 47.148851941157076, 22.80346716811735, -17.739135074836348, 22.025440260194003, 28.39364193520494, 141.24659981410446, -33.91941351687294, -14.63405531867106, -9.142795149235376, 102.44055797680988, -173.05277545528216, -204.52800951234912, 140.97019409517907, -210.22979994929267, -160.33138124745375, -175.76376667524812, -156.8365303890967, -171.2512867068793, -168.83778606792842, -134.08095044212348, -188.77163719765326, -183.33071234860574, -144.71499434218612, -50.14775596432159], "Distance": [480.89048857141785, 537.7536629656172, 673.8637462422213, 977.7391820265436, 1087.9361315122592, 1230.6139828447754, 1345.7248222216829, 1431.1234538157023, 1581.0849167614833, 1685.5541266096802, 1788.1612038631886, 1872.7645819600373, 2409.798571036603, 2711.44718162333, 2921.4775452151325, 3055.0084206814577, 3157.630590633065, 3360.0755466929154, 3570.418165343779, 3784.9037199351524, 3993.6515950338703, 4219.392721701952, 4318.599874111051, 4451.418215570886, 4738.793468125094, 5112.100523103347, 5487.723397429999]}