{"CornerNumber": [1, 2, 3, 4, 5, 6, 7, 8, 9, 10, 11, 12, 13, 14, 15, 16], "X": [4294.859375, 3848.351318359375, 2206.551025390625, 2378.65625, 1839.3582763671875, -2150.159423828125, -1583.4920654296875, -823.9918823242188, 5774.8056640625, 3125.7744140625, 1799.5865478515625, 1634.6038818359375, 2619.7744140625, 2523.817138671875, -79.35454559326172, -1076.555908203125], "Y": [2690.7177734375, 4987.57080078125, 6155.1201171875, 8052.80517578125, 11771.70703125, 655.3110961914062, 587.163330078125, -1256.985107421875, -4917.8369140625, -3602.140380859375, -2781.958251953125, -1529.775146484375, -1222.7818603515625, -131.88153076171875, -206.44224548339844, 1716.3370361328125], "Angle": [-35.34059995597422, 42.198163677223626, -163.16933202306825, -8.298533240027417, 84.3268470749317, -148.9880374353488, 46.32093034464459, -144.58842947351582, -21.95820525980746, 82.8907618378775, 34.85988973910911, 149.6450958742448, -41.8112415231557, 54.746030923061184, -112.58216166384628, -23.292456563401426], "Distance": [375.1391365849982, 628.6177721777002, 821.5043177256223, 1027.428923021948, 1417.0721234997532, 2605.271847815895, 2665.104727181712, 2868.5671326081297, 3677.87904997498, 4005.24788964493, 4176.9377927523155, 4298.378869696035, 4410.738182618446, 4527.396979989496, 4802.132812837548, 5024.182759316902]}