{"tel": {"time": [0.0, 90.863, 91.043, 91.303, 91.543, 91.803, 91.937, 91.963, 92.137, 92.183, 92.403, 92.417, 92.697, 92.824, 93.017, 93.044, 93.224, 93.384, 93.457, 93.617, 93.723, 93.817, 93.977, 94.083, 94.143, 94.217, 94.376, 94.443, 94.576, 94.603, 94.856, 94.883, 95.096, 95.123, 95.336, 95.483, 95.576, 95.763, 95.856, 95.896], "rpm": [11045, 11045, 11045, 11045, 11045, 11045, 11045, 11045, 11045, 11045, 11045, 11045, 11045, 11045, 11045, 11045, 11045, 11045, 11045, 11045, 11045, 11045, 11045, 11045, 11045, 11045, 11045, 11045, 11045, 11045, 11045, 11045, 11045, 11045, 11045, 11045, 11045, 11045, 11045, 11045], "speed": [290, 290, 290, 290, 290, 290, 290, 290, 290, 290, 290, 290, 290, 290, 290, 290, 290, 290, 290, 290, 290, 290, 290, 290, 290, 290, 290, 290, 290, 290, 290, 290, 290, 290, 290, 290, 290, 290, 290, 290], "gear": [7, 7, 7, 7, 7, 7, 7, 7, 7, 7, 7, 7, 7, 7, 7, 7, 7, 7, 7, 7, 7, 7, 7, 7, 7, 7, 7, 7, 7, 7, 7, 7, 7, 7, 7, 7, 7, 7, 7, 7], "throttle": [104, 104, 104, 104, 104, 104, 104, 104, 104, 104, 104, 104, 104, 104, 104, 104, 104, 104, 104, 104, 104, 104, 104, 104, 104, 104, 104, 104, 104, 104, 104, 104, 104, 104, 104, 104, 104, 104, 104, 104], "brake": [1, 1, 1, 1, 1, 1, 1, 1, 1, 1, 1, 1, 1, 1, 1, 1, 1, 1, 1, 1, 1, 1, 1, 1, 1, 1, 1, 1, 1, 1, 1, 1, 1, 1, 1, 1, 1, 1, 1, 1], "drs": [1, 1, 1, 1, 1, 1, 1, 1, 1, 1, 1, 1, 1, 1, 1, 1, 1, 1, 1, 1, 1, 1, 1, 1, 1, 1, 1, 1, 1, 1, 1, 1, 1, 1, 1, 1, 1, 1, 1, 1], "distance": [4.999570592190139e-06, 7319.519454755538, 7334.019454755544, 7354.963899199995, 7374.297232533332, 7395.241676977779, 7406.036111111112, 7408.130565866669, 7422.147222222224, 7425.85278808889, 7443.575010311113, 7444.702777777779, 7467.258333333335, 7477.488894044337, 7493.036111111112, 7495.211116266765, 7509.711116267961, 7522.600005156811, 7528.480555555557, 7541.369444444446, 7549.908343662695, 7557.480555555557, 7570.369444444446, 7578.908344276886, 7583.741677899829, 7589.702777777779, 7602.511111111113, 7607.908337758134, 7618.622222222223, 7620.797227472947, 7641.177777777779, 7643.352782918809, 7660.511111111113, 7662.686116268086, 7679.844444444446, 7691.686116316652, 7699.177777777779, 7714.241671450803, 7721.7333333333345, 7724.955555913344], "rel_distance": [6.454559109414504e-10, 0.945140789997604, 0.9470131180294761, 0.9497175918532911, 0.9522140292291201, 0.9549185030529346, 0.9563123459230056, 0.9565827946368203, 0.9583927104028626, 0.9588711955646628, 0.9611595964925054, 0.9613052206746622, 0.9642177309464618, 0.9655387630568735, 0.9675463141142328, 0.9678271639847427, 0.9696994920167683, 0.9713637836006486, 0.9721231159699179, 0.9737874075538034, 0.9748900020619173, 0.9758677720336603, 0.9775320636175459, 0.9786346582049676, 0.9792587675863209, 0.980028500993374, 0.9816823907548602, 0.9823793134269692, 0.983762755234717, 0.9840436051175031, 0.9866752655065166, 0.9869561153751383, 0.9891717028823449, 0.9894525527530253, 0.9916681402581732, 0.993197208823039, 0.9941645776340013, 0.9961097190404239, 0.997077087905801, 0.997493160847972], "acc_x": [0.0, 0.0, 0.0, 0.0, 0.0, 0.0, 0.0, 0.0, 0.0, 0.0, 0.0, 0.0, 0.0, 0.0, 0.0, 0.0, 0.0, 0.0, 0.0, 0.0, 0.0, 0.0, 0.0, 0.0, 0.0, 0.0, 0.0, 0.0, 0.0, 0.0, 0.0, 0.0, 0.0, 0.0, 0.0, 0.0, 0.0, 0.0, 0.0, 0.0], "acc_y": [-16.05393838399465, -16.05393838399465, -16.05393838399465, -16.05393838399465, -16.05393838399465, -16.05393838399465, -15.976724340308774, 0.0, 0.0, 0.0, 0.0, 0.0, 0.0, 0.0, 0.0, 0.0, 0.0, 0.0, 0.0, 0.0, 0.0, 0.0, 0.0, 0.0, 0.0, 0.0, 0.0, 0.0, 0.0, 0.0, 0.0, 0.0, 0.0, 0.0, 0.0, 0.0, 0.0, 0.0, 0.0, 0.0], "acc_z": [0.0, 0.0, 0.0, 0.0, 0.0, 0.0, 0.0, 0.0, 0.0, 0.0, 0.0, 0.0, 0.0, 0.0, 0.0, 0.0, 0.0, 0.0, 0.0, 0.0, 0.0, 0.0, 0.0, 0.0, 0.0, 0.0, 0.0, 0.0, 0.0, 0.0, 0.0, 0.0, 0.0, 0.0, 0.0, 0.0, 0.0, 0.0, 0.0, 0.0], "x": [157, 505, 505, 505, 505, 505, 504, 505, 505, 505, 505, 505, 505, 505, 505, 505, 505, 505, 505, 505, 505, 505, 504, 505, 505, 505, 504, 505, 504, 505, 505, 505, 504, 505, 505, 505, 505, 505, 505, 504], "y": [3423, 3771, 3771, 3771, 3771, 3771, 3770, 3771, 3771, 3771, 3771, 3771, 3770, 3771, 3771, 3771, 3771, 3771, 3771, 3771, 3771, 3771, 3770, 3771, 3771, 3771, 3771, 3771, 3770, 3771, 3771, 3771, 3771, 3771, 3771, 3771, 3771, 3771, 3771, 3770], "z": [537, 537, 537, 537, 537, 537, 537, 537, 536, 537, 537, 537, 536, 537, 537, 537, 537, 537, 537, 537, 537, 537, 536, 537, 537, 537, 536, 537, 537, 537, 536, 537, 537, 537, 537, 537, 537, 537, 537, 536], "dataKey": "2022-Dutch Grand Prix-Practice 2-OCO-11"}}