{"tel": {"time": [0.0, 0.011, 0.331, 0.651, 0.931, 1.331, 1.651, 1.851, 2.091, 2.371, 2.531, 2.891, 3.051, 3.371, 3.611, 3.89, 4.21, 4.37, 4.57, 4.771, 5.051, 5.291, 5.651, 5.931, 6.131, 6.291, 6.731, 7.011, 7.211, 7.451, 7.651, 7.971, 8.171, 8.571, 8.731, 8.931, 9.198, 9.251, 9.358, 9.558, 9.571, 83.949], "rpm": [11045, 11045, 11045, 11045, 11045, 11045, 11045, 11045, 11045, 11045, 11045, 11045, 11045, 11045, 11045, 11045, 11045, 11045, 11045, 11045, 11045, 11045, 11045, 11045, 11045, 11045, 11045, 11045, 11045, 11045, 11045, 11045, 11045, 11045, 11045, 11045, 11045, 11045, 11045, 11045, 11045, 11045], "speed": [290, 290, 290, 290, 290, 290, 290, 290, 290, 290, 290, 290, 290, 290, 290, 290, 290, 290, 290, 290, 290, 290, 290, 290, 290, 290, 290, 290, 290, 290, 290, 290, 290, 290, 290, 290, 290, 290, 290, 290, 290, 290], "gear": [7, 7, 7, 7, 7, 7, 7, 7, 7, 7, 7, 7, 7, 7, 7, 7, 7, 7, 7, 7, 7, 7, 7, 7, 7, 7, 7, 7, 7, 7, 7, 7, 7, 7, 7, 7, 7, 7, 7, 7, 7, 7], "throttle": [104, 104, 104, 104, 104, 104, 104, 104, 104, 104, 104, 104, 104, 104, 104, 104, 104, 104, 104, 104, 104, 104, 104, 104, 104, 104, 104, 104, 104, 104, 104, 104, 104, 104, 104, 104, 104, 104, 104, 104, 104, 104], "brake": [1, 1, 1, 1, 1, 1, 1, 1, 1, 1, 1, 1, 1, 1, 1, 1, 1, 1, 1, 1, 1, 1, 1, 1, 1, 1, 1, 1, 1, 1, 1, 1, 1, 1, 1, 1, 1, 1, 1, 1, 1, 1], "drs": [1, 1, 1, 1, 1, 1, 1, 1, 1, 1, 1, 1, 1, 1, 1, 1, 1, 1, 1, 1, 1, 1, 1, 1, 1, 1, 1, 1, 1, 1, 1, 1, 1, 1, 1, 1, 1, 1, 1, 1, 1, 1], "distance": [-5.15555555757885e-06, 0.8861111111111093, 26.663888888888888, 52.44166666666666, 74.99722222222222, 107.21944444444443, 132.9972222222222, 149.10833333333332, 168.44166666666666, 190.9972222222222, 203.88611111111112, 232.88611111111112, 245.77500000000003, 271.5527777777778, 290.8861111111112, 313.3611111111112, 339.13888888888897, 352.0277777777779, 368.138888888889, 384.3305555555557, 406.8861111111113, 426.21944444444466, 455.2194444444446, 477.7750000000002, 493.88611111111135, 506.77500000000026, 542.2194444444447, 564.7750000000002, 580.8861111111113, 600.2194444444445, 616.3305555555556, 642.1083333333335, 658.2194444444445, 690.4416666666668, 703.3305555555557, 719.4416666666668, 740.9499845333335, 745.2194444444447, 753.8388734222223, 769.9499845333335, 770.9972222222225, 6762.55832312573], "rel_distance": [-6.946147819528615e-11, 1.1938691562818113e-05, 0.0003592460824811639, 0.0007065534733995097, 0.0010104474404530623, 0.0014445816791009943, 0.0017918890700193402, 0.0020089561893433063, 0.002269436732532066, 0.002573330699585618, 0.002746984395044791, 0.0031377052098279304, 0.0033113589052871035, 0.0036586662962054496, 0.00391914683939421, 0.004221955470851142, 0.004569262861769488, 0.0047429165572286614, 0.0049599836765526276, 0.005178136131473214, 0.005482030098526767, 0.005742510641715526, 0.006133231456498665, 0.006437125423552218, 0.006654192542876185, 0.006827846238335358, 0.007305393900848083, 0.007609287867901635, 0.0078263549872256, 0.008086835530414359, 0.008303902649738326, 0.008651210040656672, 0.008868277159980637, 0.009302411398628571, 0.009476065094087743, 0.00969313221341171, 0.009982916609324769, 0.010040439604330056, 0.010156570304783941, 0.01037363742410791, 0.010387746995248403, 0.0911128378631095], "acc_x": [0.0, 0.0, 0.0, 0.0, 0.0, 0.0, 0.0, 0.0, 0.0, 0.0, 0.0, 0.0, 0.0, 0.0, 0.0, 0.0, 0.0, 0.0, 0.0, 0.0, 0.0, 0.0, 0.0, 0.0, 0.0, 0.0, 0.0, 0.0, 0.0, 0.0, 0.0, 0.0, 0.0, 0.0, 0.0, 0.0, 0.0, 0.0, 0.0, 0.0, 0.0, 0.0], "acc_y": [-0.11673314939301749, 3.883067048891501, -4.097533891260827, -13.529144996649938, -0.010366511602926565, -0.010366511602926565, -13.529144996649933, -3.5640732713104866, 2.435616681858943, -6.842681497063587, -2.8465039483301817, 12.06216894850764, 21.49378005389675, 7.975001568849739, 7.975001568849739, 36.10867005565167, 41.64684760054634, 35.64715764737691, 32.07370083827955, 9.432385559490275, 2.504313602804782, 14.220595748451071, 14.220595748451071, 14.220595748451071, -0.3942942533038565, -13.913072738350838, -13.913072738350838, -2.9290553861250572, 11.71628214564629, 11.71628214564629, 0.0, 15.053027608641369, 15.053027608641369, 15.053027608641369, 15.053027608641369, 15.053027608641369, 15.147525573923504, 15.147525573923504, 15.147525573923504, 15.147525573923504, 0.09449796528213551, 0.09449796528213551], "acc_z": [-10.984017352225779, -10.984017352225779, -10.984017352225779, -10.984017352225779, -10.984017352225779, -10.984017352225779, -10.984017352225779, 0.0, 0.0, 0.0, 0.0, 0.0, 0.0, 0.0, 0.0, 0.0, 0.0, 0.0, 0.0, 0.0, 0.0, 0.0, 0.0, 0.0, 0.0, 0.0, 0.0, 0.0, 0.0, 0.0, 0.0, -15.053027608641369, -15.053027608641369, -15.053027608641369, -15.053027608641369, -15.053027608641369, -15.05298065506471, -15.052980645903224, -15.052980645903224, -15.052980645903224, 4.6962738144503564e-05, 4.6962738144503564e-05], "x": [497, 498, 498, 499, 499, 500, 500, 500, 501, 501, 501, 502, 502, 502, 503, 503, 503, 503, 503, 504, 504, 504, 504, 504, 505, 505, 505, 505, 505, 505, 505, 505, 505, 505, 505, 505, 506, 506, 506, 506, 506, 508], "y": [3752, 3753, 3755, 3756, 3757, 3759, 3760, 3760, 3761, 3762, 3763, 3764, 3764, 3765, 3766, 3767, 3767, 3768, 3768, 3769, 3769, 3770, 3770, 3771, 3771, 3771, 3772, 3772, 3773, 3773, 3773, 3773, 3773, 3773, 3773, 3773, 3774, 3774, 3774, 3774, 3774, 3776], "z": [536, 537, 537, 537, 537, 537, 537, 537, 537, 537, 537, 537, 537, 537, 537, 537, 537, 537, 537, 537, 537, 537, 537, 537, 537, 537, 537, 537, 537, 537, 537, 537, 537, 537, 537, 537, 537, 536, 537, 537, 536, -4589], "dataKey": "2022-Dutch Grand Prix-Practice 2-OCO-8"}}