{"tel": {"time": [0.0, 0.011, 0.331, 0.651, 0.931, 1.331, 1.651, 1.851, 2.091, 2.371, 2.531, 2.891, 3.051, 3.371, 3.611, 3.89, 4.21, 4.37, 4.57, 4.771, 5.051, 5.291, 5.651, 5.931, 6.131, 6.291, 6.731, 7.011, 7.211, 7.451, 7.651, 7.971, 8.171, 8.571, 8.731, 8.931, 9.198, 9.251, 9.358, 9.558, 9.571, 83.949], "rpm": [11045.0, 11045.0, 11045.0, 11045.0, 11045.0, 11045.0, 11045.0, 11045.0, 11045.0, 11045.0, 11045.0, 11045.0, 11045.0, 11045.0, 11045.0, 11045.0, 11045.0, 11045.0, 11045.0, 11045.0, 11045.0, 11045.0, 11045.0, 11045.0, 11045.0, 11045.0, 11045.0, 11045.0, 11045.0, 11045.0, 11045.0, 11045.0, 11045.0, 11045.0, 11045.0, 11045.0, 11045.0, 11045.0, 11045.0, 11045.0, 11045.0, 11045.0], "speed": [290.0, 290.0, 290.0, 290.0, 290.0, 290.0, 290.0, 290.0, 290.0, 290.0, 290.0, 290.0, 290.0, 290.0, 290.0, 290.0, 290.0, 290.0, 290.0, 290.0, 290.0, 290.0, 290.0, 290.0, 290.0, 290.0, 290.0, 290.0, 290.0, 290.0, 290.0, 290.0, 290.0, 290.0, 290.0, 290.0, 290.0, 290.0, 290.0, 290.0, 290.0, 290.0], "gear": [7, 7, 7, 7, 7, 7, 7, 7, 7, 7, 7, 7, 7, 7, 7, 7, 7, 7, 7, 7, 7, 7, 7, 7, 7, 7, 7, 7, 7, 7, 7, 7, 7, 7, 7, 7, 7, 7, 7, 7, 7, 7], "throttle": [104.0, 104.0, 104.0, 104.0, 104.0, 104.0, 104.0, 104.0, 104.0, 104.0, 104.0, 104.0, 104.0, 104.0, 104.0, 104.0, 104.0, 104.0, 104.0, 104.0, 104.0, 104.0, 104.0, 104.0, 104.0, 104.0, 104.0, 104.0, 104.0, 104.0, 104.0, 104.0, 104.0, 104.0, 104.0, 104.0, 104.0, 104.0, 104.0, 104.0, 104.0, 104.0], "brake": [1, 1, 1, 1, 1, 1, 1, 1, 1, 1, 1, 1, 1, 1, 1, 1, 1, 1, 1, 1, 1, 1, 1, 1, 1, 1, 1, 1, 1, 1, 1, 1, 1, 1, 1, 1, 1, 1, 1, 1, 1, 1], "drs": [1, 1, 1, 1, 1, 1, 1, 1, 1, 1, 1, 1, 1, 1, 1, 1, 1, 1, 1, 1, 1, 1, 1, 1, 1, 1, 1, 1, 1, 1, 1, 1, 1, 1, 1, 1, 1, 1, 1, 1, 1, 1], "distance": [-5.15555555757885e-06, 0.8861111111111093, 26.663888888888888, 52.44166666666666, 74.99722222222222, 107.21944444444443, 132.9972222222222, 149.10833333333332, 168.44166666666666, 190.9972222222222, 203.88611111111112, 232.88611111111112, 245.77500000000003, 271.5527777777778, 290.8861111111112, 313.3611111111112, 339.13888888888897, 352.0277777777779, 368.138888888889, 384.3305555555557, 406.8861111111113, 426.21944444444466, 455.2194444444446, 477.7750000000002, 493.88611111111135, 506.77500000000026, 542.2194444444447, 564.7750000000002, 580.8861111111113, 600.2194444444445, 616.3305555555556, 642.1083333333335, 658.2194444444445, 690.4416666666668, 703.3305555555557, 719.4416666666668, 740.9499845333335, 745.2194444444447, 753.8388734222223, 769.9499845333335, 770.9972222222225, 6762.55832312573], "rel_distance": [-6.946147819528615e-11, 1.1938691562818113e-05, 0.0003592460824811639, 0.0007065534733995097, 0.0010104474404530623, 0.0014445816791009943, 0.0017918890700193402, 0.0020089561893433063, 0.002269436732532066, 0.002573330699585618, 0.002746984395044791, 0.0031377052098279304, 0.0033113589052871035, 0.0036586662962054496, 0.00391914683939421, 0.004221955470851142, 0.004569262861769488, 0.0047429165572286614, 0.0049599836765526276, 0.005178136131473214, 0.005482030098526767, 0.005742510641715526, 0.006133231456498665, 0.006437125423552218, 0.006654192542876185, 0.006827846238335358, 0.007305393900848083, 0.007609287867901635, 0.0078263549872256, 0.008086835530414359, 0.008303902649738326, 0.008651210040656672, 0.008868277159980637, 0.009302411398628571, 0.009476065094087743, 0.00969313221341171, 0.009982916609324769, 0.010040439604330056, 0.010156570304783941, 0.01037363742410791, 0.010387746995248403, 0.0911128378631095], "acc_x": [0.0, 0.0, 0.0, 0.0, 0.0, 0.0, 0.0, 0.0, 0.0, 0.0, 0.0, 0.0, 0.0, 0.0, 0.0, 0.0, 0.0, 0.0, 0.0, 0.0, 0.0, 0.0, 0.0, 0.0, 0.0, 0.0, 0.0, 0.0, 0.0, 0.0, 0.0, 0.0, 0.0, 0.0, 0.0, 0.0, 0.0, 0.0, 0.0, 0.0, 0.0, 0.0], "acc_y": [-1.0491207869635509e-09, -1.3606365478088313e-09, -1.8083311859905609e-09, -2.3201834775608457e-09, -2.708668085310591e-09, -3.2977453912558947e-09, -3.640473871092005e-09, -3.9818598511711485e-09, -4.327135834990636e-09, -4.607135712137693e-09, -5.1306149076339475e-09, -5.366207320123472e-09, -5.7610891572373925e-09, -6.582238256873861e-09, -7.137704044477787e-09, -7.788375358671356e-09, -8.649703197440578e-09, -9.441385118076378e-09, -1.0342886606042616e-08, -1.1662965312506928e-08, -1.4714310264840006e-08, -1.6401060439139505e-08, -1.7947994105164234e-08, -2.2224271356689804e-08, -2.7003450238498566e-08, -3.385241180527009e-08, -4.1275618338933467e-08, -5.6514802386775774e-08, -7.406529650449455e-08, -1.1114769389461943e-07, -2.5302303687619415e-07, -4.587114579226584e-07, -7.574891745703815e-07, -1.359963405568639e-06, -1.6687729508522466e-06, -2.116871523227047e-06, -0.001138157100522373, -0.001138398790426025, -0.001138357973396632, -0.0011382135045693474, -0.0011380050595809275, -0.0011377008610439347], "acc_z": [-1.6597637242300593e-10, -2.199105403658731e-10, -2.9591949280759767e-10, -3.782087005594514e-10, -4.420240312238373e-10, -5.44578164031145e-10, -6.085460732874437e-10, -6.719937236761125e-10, -7.324172234819854e-10, -7.7481636151298e-10, -8.609157238369876e-10, -8.980327763851017e-10, -9.653843249349375e-10, -1.1175038369041416e-09, -1.2084011194716823e-09, -1.3124850534896742e-09, -1.4604628624931932e-09, -1.5879369440677963e-09, -1.7360518146646084e-09, -1.9772709623615922e-09, -2.5031352575384636e-09, -2.7741671092517733e-09, -3.028750382110145e-09, -3.7579457011611594e-09, -4.549587299438681e-09, -5.709187255249785e-09, -6.953667002759307e-09, -9.500523231764927e-09, -1.2462318911419698e-08, -1.8639376027238574e-08, -4.2472217626701696e-08, -7.719566887343521e-08, 0.253501744070155, 0.7605014521463241, 1.0247379571063706, 1.4055839361677172, 1.4053989932078448, 1.4053989550078108, 1.405398961823858, 1.4053989860773723, 1.4053990212713416, 1.1518972009281645], "x": [498.1359320452337, 498.1546153045614, 498.6884002328512, 499.2033817170944, 499.6385658156126, 500.2352840607999, 500.69150478239715, 500.9670941094656, 501.28810577611114, 501.64925131369563, 501.84915650842424, 502.28175567348984, 502.46638306993066, 502.82153527977715, 503.07555967700637, 503.35756838747386, 503.6634203136999, 503.80929498529537, 503.98502773899213, 504.15423882840076, 504.3775903775809, 504.55757621387636, 504.8077232109267, 504.98582897286957, 505.1042332598604, 505.19366822081486, 505.4153755488485, 505.537952390091, 505.61669316229586, 505.70148656310516, 505.7640681255825, 505.84892082725815, 505.8924051418757, 505.95733848511827, 505.975085315645, 505.9906582680057, 506.0, 506.0002971934948, 506.0, 506.0, 506.00000883754745, 506.03935016688087], "y": [3753.686471024153, 3753.734731406975, 3755.1135414171326, 3756.443780597495, 3757.5678966214955, 3759.1092685224603, 3760.287723859711, 3760.9995935709885, 3761.828792890407, 3762.7616612720876, 3763.2780326960205, 3764.395471625758, 3764.8723792504825, 3765.7897663775825, 3766.4459321158547, 3767.174383617795, 3767.964424090811, 3768.341230266146, 3768.7951623029644, 3769.2322483489415, 3769.8091836185276, 3770.2741017144795, 3770.9202518113575, 3771.3803135217477, 3771.6861614527024, 3771.9171792515854, 3772.4898673632333, 3772.8064933418827, 3773.0098871787372, 3773.22891544885, 3773.3905687288493, 3773.609750177638, 3773.7220737086272, 3773.889801829436, 3773.9356433397247, 3773.9758695452356, 3774.0, 3774.000767674843, 3774.0, 3774.0, 3774.000022827102, 3774.0988582186724],