{"tel": {"time": [0.0, 0.109, 0.389, 0.549, 0.749, 1.069, 1.309, 1.589, 1.789, 1.989, 2.149, 2.509, 2.789, 3.029, 3.189, 3.509, 3.749, 3.909, 4.39, 4.59, 4.83, 4.99, 5.19, 5.43, 5.67, 5.99, 6.39, 6.67, 6.869, 7.069, 7.269, 7.669, 7.829, 7.989, 8.349, 8.549, 8.749, 8.909, 9.309, 9.509, 9.709, 9.909, 10.149, 10.349, 10.589, 10.95, 11.19, 11.39, 11.71, 12.11, 12.51, 12.91, 13.35, 13.629, 13.989, 14.229, 14.429, 14.789, 15.069, 15.269, 15.589, 15.789, 16.229, 16.549, 16.749, 16.989, 17.149, 17.43, 17.59, 17.75, 18.03, 18.23, 18.39, 18.67, 153.59, 153.8, 153.87, 154.061, 154.149, 154.389, 154.521, 154.641, 154.669, 154.675], "rpm": [11579, 11597, 11611, 11622, 11609, 11616, 11594, 11573, 11459, 11016, 11048, 10534, 10229, 10061, 9715, 9341, 8931, 9771, 9038, 9006, 9415, 9052, 8764, 8156, 9323, 8563, 9411, 8944, 8608, 8226, 9129, 8363, 8190, 7765, 7192, 6906, 6677, 6514, 6109, 6065, 5783, 5680, 5516, 5579, 5376, 5345, 5509, 5428, 5438, 5226, 4920, 5012, 4969, 5121, 5266, 5309, 5360, 5571, 5646, 5841, 6040, 6149, 6720, 7047, 7250, 7400, 7506, 8031, 8077, 8286, 8590, 8888, 9018, 9388, 11452, 11493, 11535, 11566, 11598, 11628, 11500, 11372, 11245, 10783], "speed": [288, 289, 289, 290, 290, 289, 289, 289, 289, 284, 281, 270, 260, 255, 248, 237, 230, 222, 201, 193, 185, 177, 168, 161, 150, 139, 129, 122, 118, 113, 108, 98, 96, 91, 85, 83, 79, 77, 73, 71, 69, 67, 66, 63, 61, 61, 62, 62, 62, 61, 58, 56, 56, 57, 59, 60, 61, 63, 65, 66, 68, 71, 75, 77, 81, 84, 84, 89, 91, 93, 96, 99, 102, 107, 286, 286, 287, 287, 288, 291, 291, 291, 292, 293], "gear": [7, 7, 7, 7, 7, 7, 7, 7, 7, 7, 7, 7, 7, 7, 7, 7, 7, 7, 6, 6, 5, 5, 5, 5, 4, 4, 4, 3, 3, 3, 2, 2, 2, 2, 2, 2, 2, 2, 2, 2, 2, 2, 2, 2, 2, 2, 2, 2, 2, 2, 2, 2, 2, 2, 2, 2, 2, 2, 2, 2, 2, 2, 2, 2, 2, 2, 2, 2, 2, 2, 2, 2, 2, 2, 7, 7, 7, 7, 7, 7, 7, 7, 7, 7], "throttle": [0, 0, 0, 0, 0, 0, 0, 0, 0, 0, 0, 0, 0, 0, 0, 0, 0, 0, 0, 0, 0, 0, 0, 0, 0, 0, 0, 0, 0, 0, 0, 0, 0, 0, 0, 0, 0, 0, 0, 0, 0, 0, 0, 0, 0, 0, 0, 0, 0, 0, 0, 0, 0, 0, 0, 0, 0, 0, 0, 0, 0, 0, 0, 0, 0, 0, 0, 0, 0, 0, 0, 0, 0, 0, 0, 0, 0, 0, 0, 0, 0, 0, 0, 0], "brake": [0.04952293128512686, 8.797499999999998, 31.275277777777774, 44.16416666666667, 60.275277777777774, 85.96416666666666, 105.23083333333332, 127.7086111111111, 143.76416666666665, 159.54194444444445, 172.03083333333333, 199.03083333333333, 219.25305555555556, 236.25305555555553, 247.27527777777777, 268.34194444444444, 283.6752777777778, 293.5419444444445, 320.39777777777783, 331.12000000000006, 343.4533333333334, 351.32000000000005, 360.65333333333336, 371.38666666666666, 381.38666666666666, 393.7422222222222, 408.0755555555555, 417.5644444444444, 424.0872222222222, 430.36499999999995, 436.36499999999995, 447.2538888888888, 451.52055555555546, 455.5649999999999, 464.0649999999999, 468.67611111111097, 473.0649999999999, 476.4872222222221, 484.5983333333332, 488.54277777777764, 492.37611111111096, 496.0983333333332, 500.49833333333316, 503.99833333333316, 508.0649999999998, 514.1819444444443, 518.3152777777776, 521.7597222222221, 527.2708333333331, 534.0486111111109, 540.4930555555553, 546.7152777777775, 553.5597222222219, 557.9772222222219, 563.8772222222219, 567.8772222222219, 571.2661111111108, 577.5661111111108, 582.6216666666663, 586.288333333333, 592.3327777777774, 596.2772222222219, 605.4438888888885, 612.288333333333, 616.788333333333, 622.388333333333, 626.1216666666663, 633.0686111111107, 637.1130555555552, 641.2463888888885, 648.7130555555552, 654.2130555555552, 658.7463888888885, 667.0686111111108, 11385.713055555556, 11402.45214607627, 11408.035277777779, 11423.291241946152, 11430.355277777779, 11449.75527777778, 11460.4489396118, 11470.18877593021, 11472.466388888892, 11472.954711366798], "drs": [1, 1, 1, 1, 1, 1, 1, 1, 0, 0, 0, 0, 0, 0, 0, 0, 0, 0, 0, 0, 0, 0, 0, 0, 0, 0, 0, 0, 0, 0, 0, 0, 0, 0, 0, 0, 0, 0, 0, 0, 0, 0, 0, 0, 0, 0, 0, 0, 0, 0, 0, 0, 0, 0, 0, 0, 0, 0, 0, 0, 0, 0, 0, 0, 0, 0, 0, 0, 0, 0, 0, 0, 0, 0, 1, 1, 1, 1, 1, 1, 1, 1, 1, 1], "distance": [0.04952293128512686, 8.797499999999998, 31.275277777777774, 44.16416666666667, 60.275277777777774, 85.96416666666666, 105.23083333333332, 127.7086111111111, 143.76416666666665, 159.54194444444445, 172.03083333333333, 199.03083333333333, 219.25305555555556, 236.25305555555553, 247.27527777777777, 268.34194444444444, 283.6752777777778, 293.5419444444445, 320.39777777777783, 331.12000000000006, 343.4533333333334, 351.32000000000005, 360.65333333333336, 371.38666666666666, 381.38666666666666, 393.7422222222222, 408.0755555555555, 417.5644444444444, 424.0872222222222, 430.36499999999995, 436.36499999999995, 447.2538888888888, 451.52055555555546, 455.5649999999999, 464.0649999999999, 468.67611111111097, 473.0649999999999, 476.4872222222221, 484.5983333333332, 488.54277777777764, 492.37611111111096, 496.0983333333332, 500.49833333333316, 503.99833333333316, 508.0649999999998, 514.1819444444443, 518.3152777777776, 521.7597222222221, 527.2708333333331, 534.0486111111109, 540.4930555555553, 546.7152777777775, 553.5597222222219, 557.9772222222219, 563.8772222222219, 567.8772222222219, 571.2661111111108, 577.5661111111108, 582.6216666666663, 586.288333333333, 592.3327777777774, 596.2772222222219, 605.4438888888885, 612.288333333333, 616.788333333333, 622.388333333333, 626.1216666666663, 633.0686111111107, 637.1130555555552, 641.2463888888885, 648.7130555555552, 654.2130555555552, 658.7463888888885, 667.0686111111108, 11385.713055555556, 11402.45214607627, 11408.035277777779, 11423.291241946152, 11430.355277777779, 11449.75527777778, 11460.4489396118, 11470.18877593021, 11472.466388888892, 11472.954711366798], "rel_distance": [4.309314757614696e-06, 0.0007655281219490573, 0.0027214668554313513, 0.0038430135340470025, 0.005244946882316566, 0.007480305434867758, 0.009156824349281154, 0.011112763082763447, 0.012509862178107943, 0.013882790008827103, 0.014969530066382268, 0.017318976987965053, 0.019078645052689608, 0.02055792644776025, 0.021517042228093634, 0.023350190937279216, 0.024684444744597838, 0.02554300806408982, 0.027879910099332054, 0.028812920913870076, 0.02988612506323505, 0.030570655277424603, 0.03138280976883594, 0.032316787433958966, 0.033186952960471104, 0.03426209081100611, 0.035509328065673515, 0.03633501846527503, 0.036902608101207206, 0.03744887868173983, 0.037970977997647114, 0.038918491570960334, 0.03928976219560551, 0.03964169580855042, 0.04038133650608574, 0.040782579498866336, 0.041164485479946666, 0.04146227546013082, 0.042168076387190674, 0.04251130834487046, 0.042844871796700115, 0.04316876674267964, 0.04355163957434498, 0.043856197508624226, 0.04421006482273916, 0.04474234024105372, 0.045102008658678736, 0.04540173234003292, 0.04588129023019961, 0.04647106908705784, 0.04703184242636566, 0.047573278753973214, 0.04816885871434152, 0.04855325433567826, 0.049066651996320425, 0.04941471820692528, 0.0497096076353544, 0.05025781191705705, 0.050697728933238186, 0.05101678962629263, 0.051542756344539975, 0.051885988302219764, 0.05268364003485589, 0.053279219995224204, 0.053670794482154664, 0.05415808717700147, 0.054482948973566, 0.05508744813058106, 0.05543938174352597, 0.05579905016115099, 0.05644877375428006, 0.05692736479386174, 0.05732183983254724, 0.058046010920722355, 0.9907454995703677, 0.9922020775219971, 0.99268790239566, 0.9940154238049623, 0.994630111850835, 0.9963182329722687, 0.997248758560283, 0.9980962855400982, 0.9982944755680363, 0.9983369677066458],