{"CornerNumber": [1, 2, 3, 4, 5, 6, 7, 8, 9, 10, 11, 12, 13, 14, 15], "X": [-3875.8803543388667, -4778.445772562185, -9698.041544087078, -10002.888943180831, -11038.434876845022, -10514.404116569563, -8997.205444523974, 1168.4274280279105, 1890.657110499762, 9433.774740424826, 8822.546802013514, 8770.438108508657, 6740.8455871033475, 4513.234731927232, 3797.2158169349395], "Y": [940.6145863310726, 583.518104034581, 3189.495312516554, 4069.2347593156182, 4230.068337320626, 5273.321606103762, 3871.434971207833, 406.52868079089194, 721.7382679339134, -2630.987220051376, -6915.538493025753, -3480.0457782046815, -3937.257768462207, -2980.1445102808757, -4305.922816127109], "Angle": [-280.2691487211374, -71.78399797526572, -153.80095141909044, -127.03853891311576, -152.22678664140744, -263.45067909448903, -316.8442623710048, -81.93951750033295, -278.936077686447, -317.8506593716701, -96.95634507564199, -266.506140097768, -91.0705072214887, -263.0606216687262, -65.17839504960773], "Distance": [417.019156981054, 522.3181352135866, 1100.906329170984, 1190.987048112816, 1296.9993210726539, 1430.822512772945, 1658.239558553834, 2742.9686784743767, 2820.239511167953, 3656.714488180458, 4180.915908129774, 4610.923907408538, 4821.304145095808, 5087.574130640102, 5257.07942440553]}