{"tel": {"time": [0.0, 78.775, 78.985, 79.055, 79.246, 79.334, 79.574, 79.706, 79.826, 79.854, 80.094, 80.106, 80.254, 80.366, 80.614, 80.645, 80.885, 81.055, 81.145, 81.335, 81.365, 81.495, 81.565, 81.815, 81.965, 82.095, 82.205, 82.255, 82.425, 82.655, 82.705, 82.895, 82.965, 83.255, 83.325, 83.495, 83.655, 83.785, 83.935, 84.085, 84.375, 84.405, 84.775, 84.785, 84.975, 85.025, 85.185, 85.375, 85.445, 85.655, 85.665, 85.815, 85.886, 86.014, 86.106, 86.254, 86.266, 86.426, 86.614, 86.726, 86.934, 86.946, 87.126, 87.295, 87.305, 87.455, 87.625, 87.695, 87.935, 87.965, 88.145, 88.375, 88.445, 88.535, 88.695, 88.725, 88.935, 88.985, 89.065, 89.135, 89.295, 89.325, 89.495, 89.665, 89.735, 89.935, 90.045, 90.135, 90.205, 90.455, 90.505, 90.655, 90.815, 90.825, 90.985, 91.055, 91.305, 91.335, 91.495, 91.625, 91.655, 91.935, 91.945, 92.135, 92.365, 92.375, 92.566, 92.589], "rpm": [11362.360954664453, 11332.0, 11344.749992228572, 11349.0, 11307.240156609714, 11288.0, 11306.0, 11290.442857142858, 11276.3, 11273.0, 10621.0, 10537.0, 9501.0, 9041.177777777777, 8023.0, 8060.818655716141, 8353.607643889642, 8561.0, 8669.964130742857, 8900.0, 8828.0003072, 8516.0, 8659.0622384, 9170.0, 8781.071760457144, 8444.0, 8246.0002304, 8156.0, 7909.92518528, 7577.0, 7497.6252032, 7196.0, 7206.111092622222, 7248.0, 7359.7081290666665, 7631.0, 7880.0, 8176.678279314286, 8519.0, 9045.3631872, 10063.0, 10140.69966848, 11099.0, 11083.85019392, 10796.0, 10796.6249984, 10798.6249984, 10801.0, 11003.749629257143, 11612.0, 11614.1249728, 11646.0, 11213.93542490252, 10435.0, 10621.3, 10921.0, 10933.166666666666, 11095.388888888889, 11286.0, 11408.15, 11635.0, 11592.218859318502, 10950.501749096024, 10348.0, 10362.6248128, 10582.0, 10767.5831936, 10844.0, 11022.0, 11045.931716072728, 11189.522625163636, 11373.0, 11448.2498624, 11545.0, 11629.0, 11514.375489066666, 10712.0, 10643.00017664, 10532.60017664, 10436.0, 10463.0, 10486.69989888, 10621.0, 10739.2915776, 10788.0, 10852.0, 10923.4999168, 10982.0, 10999.9374672, 11064.0, 11076.74996736, 11115.0, 11177.0, 11181.1249472, 11247.1249472, 11276.0, 11377.785662171429, 11390.0, 11408.0, 11410.4374976, 11411.0, 11460.0, 11462.19997184, 11504.0, 11534.6666496, 11536.0, 11562.06962561941, 11565.208911799753], "speed": [227.16554246830714, 320.0, 320.74999954285715, 321.0, 321.0, 321.0, 320.0, 319.5285714285714, 319.1, 319.0, 306.0, 303.3, 270.0, 256.31111111111113, 226.0, 222.27437034766643, 193.43084549042555, 173.0, 166.2500096, 152.0, 151.062504, 147.0, 143.718756, 132.0, 127.17857554285715, 123.0, 117.5000064, 115.0, 111.17500288, 106.0, 105.3750016, 103.0, 102.02777955555555, 98.0, 98.58333226666667, 100.0, 104.0, 107.71428205714285, 112.0, 117.4545408, 128.0, 129.4999936, 148.0, 148.4999936, 158.0, 159.8749952, 165.8749952, 173.0, 175.9999945142857, 185.0, 185.1874976, 188.0, 189.070349897021, 191.0, 195.6, 203.0, 203.26666666666668, 206.82222222222222, 211.0, 214.5, 221.0, 221.19944587730302, 224.19113403684838, 227.0, 227.2499968, 231.0, 233.8333312, 235.0, 241.0, 241.47727069090908, 244.34090705454545, 248.0, 249.3124976, 251.0, 253.0, 253.62499733333334, 258.0, 258.74999808, 259.94999808, 261.0, 262.0, 262.44999808, 265.0, 267.8333312, 269.0, 271.0, 272.64999808, 274.0, 274.2187496, 275.0, 275.99999744, 279.0, 280.0, 280.0833322666667, 281.4166656, 282.0, 284.67857005714285, 285.0, 285.0, 286.6249984, 287.0, 288.0, 288.0, 288.0, 288.9583328, 289.0, 289.53203317590635, 289.59610024081127], "gear": [4, 8, 8, 8, 8, 8, 8, 8, 8, 8, 8, 8, 8, 8, 8, 8, 8, 8, 8, 8, 8, 7, 7, 4, 4, 3, 3, 3, 3, 3, 3, 3, 3, 3, 3, 3, 3, 3, 3, 3, 3, 3, 3, 3, 3, 3, 3, 4, 4, 4, 4, 4, 4, 4, 4, 5, 5, 5, 5, 5, 5, 5, 5, 5, 5, 6, 6, 6, 6, 6, 6, 6, 6, 6, 6, 6, 6, 6, 6, 7, 7, 7, 7, 7, 7, 7, 7, 7, 7, 7, 7, 7, 7, 7, 7, 7, 7, 7, 7, 7, 7, 7, 7, 7, 7, 7, 7, 7], "throttle": [75.6454194888823, 99.0, 99.0, 99.0, 99.0, 99.0, 99.0, 99.0, 99.0, 99.0, 27.0, 24.975, 0.0, 0.0, 0.0, 0.0, 0.0, 0.0, 0.0, 0.0, 0.0, 0.0, 0.0, 0.0, 0.0, 0.0, 0.0, 0.0, 0.0, 0.0, 0.0, 0.0, 7.388875377777778, 38.0, 40.6249952, 47.0, 62.0, 67.57142308571429, 74.0, 82.52271999999999, 99.0, 99.0, 99.0, 99.0, 99.0, 99.0, 99.0, 99.0, 99.0, 99.0, 99.0, 99.0, 99.0, 99.0, 99.0, 99.0, 99.0, 99.0, 99.0, 99.0, 99.0, 99.0, 99.0, 99.0, 99.0, 99.0, 99.0, 99.0, 99.0, 99.0, 99.0, 99.0, 99.0, 99.0, 99.0, 99.0, 99.0, 99.0, 99.0, 99.0, 99.0, 99.0, 99.0, 99.0, 99.0, 99.0, 99.0, 99.0, 99.0, 99.0, 99.0, 99.0, 99.0, 99.0, 99.0, 99.0, 99.0, 99.0, 99.0, 99.0, 99.0, 99.0, 99.0, 99.0, 99.0, 99.0, 99.0, 99.0], "brake": [0, 0, 0, 0, 0, 0, 0, 0, 0, 0, 1, 1, 1, 1, 1, 1, 1, 1, 1, 1, 1, 1, 1, 1, 1, 1, 1, 0, 0, 0, 0, 0, 0, 0, 0, 0, 0, 0, 0, 0, 0, 0, 0, 0, 0, 0, 0, 0, 0, 0, 0, 0, 0, 0, 0, 0, 0, 0, 0, 0, 0, 0, 0, 0, 0, 0, 0, 0, 0, 0, 0, 0, 0, 0, 0, 0, 0, 0, 0, 0, 0, 0, 0, 0, 0, 0, 0, 0, 0, 0, 0, 0, 0, 0, 0, 0, 0, 0, 0, 0, 0, 0, 0, 0, 0, 0, 0, 0], "drs": [0, 1, 1, 1, 1, 1, 1, 1, 1, 1, 0, 0, 0, 0, 0, 0, 0, 0, 0, 0, 0, 0, 0, 0, 0, 0, 0, 0, 0, 0, 0, 0, 0, 0, 0, 0, 0, 0, 0, 0, 0, 0, 0, 0, 0, 0, 0, 0, 0, 0, 0, 0, 0, 0, 0, 0, 0, 0, 0, 0, 0, 0, 0, 0, 0, 0, 0, 0, 1, 1, 1, 1, 1, 1, 1, 1, 1, 1, 1, 1, 1, 1, 1, 1, 1, 1, 1, 1, 1, 1, 1, 1, 1, 1, 1, 1, 1, 1, 1, 1, 1, 1, 1, 1, 1, 1, 1, 1], "distance": [2471.0060614553636, 9481.959722222224, 9500.68343296728, 9506.92638888889, 9523.964733367675, 9531.803888888891, 9553.137222222223, 9564.875588720188, 9575.49123171248, 9577.948333333336, 9598.348333333335, 9599.297593191393, 9610.348333333335, 9617.999375381718, 9632.948333333336, 9634.643908468823, 9646.520800896866, 9654.140833333337, 9658.021263926828, 9665.963055555558, 9667.20506707184, 9672.496388888892, 9675.207015330245, 9684.229722222226, 9689.43715468307, 9693.796388888893, 9697.34009767666, 9698.907500000005, 9704.035311322012, 9710.685277777782, 9712.127196240805, 9717.551944444449, 9719.494931615853, 9727.351944444448, 9729.273079778435, 9734.018611111114, 9738.640833333337, 9742.576543078492, 9747.351944444448, 9752.402156478793, 9762.996388888892, 9764.160555939974, 9779.440833333338, 9779.87062504164, 9788.218611111115, 9790.500084338208, 9798.061730908934, 9807.440833333338, 9810.984090382786, 9821.829722222226, 9822.34997989528, 9830.185277777782, 9833.912469137336, 9840.743333333337, 9845.839409978616, 9854.276666666672, 9854.966482873713, 9864.23983830255, 9875.376666666672, 9882.166513637252, 9895.021111111117, 9895.768788547444, 9907.059091567377, 9917.784166666672, 9918.422474177323, 9928.050833333338, 9939.108609481562, 9943.717500000004, 9959.784166666672, 9961.819093737273, 9974.148903413876, 9990.095277777782, 9994.968388535506, 10001.250833333337, 10012.495277777782, 10014.62376311291, 10029.695277777782, 10033.310770927943, 10039.112324647438, 10044.195277777782, 10055.839722222227, 10058.034740379355, 10070.56194444445, 10083.246908237972, 10088.495277777782, 10103.550833333338, 10111.912129360433, 10118.77305555556, 10124.106869733088, 10143.217500000004, 10147.077478404795, 10158.717500000004, 10171.161944444448, 10171.941652911542, 10184.456925808838, 10189.961944444449, 10209.753171590639, 10212.128611111115, 10224.795277777783, 10235.154716300536, 10237.550833333338, 10259.950833333338, 10260.750744367268, 10275.950833333338, 10294.413507524523, 10295.217500000004, 10310.58991820588, 10312.443153333257],